"Subject","Base.1","Base.2","Base.3","Base.4","Base.5","Base.6","Base.7","Base.8","Base.9","Base.10","Base.11","Base.12","Base.13","Base.14","Base.15","Base.16","Base.17","Base.18","Base.19","Base.20","Base.21","Base.22","Base.23","Base.24","Base.25","Base.26","Base.27","Base.28","Base.29","Base.30","Base.31","Base.32","Base.33","Base.34","Base.35","Base.36","Base.37","Base.38","Base.39","Base.40","Base.41","Base.42","Base.43","Base.44","Base.45","Base.46","Base.47","Base.48","Base.49","Base.50","Base.51","Base.52","Base.53","Base.54","Base.55","Base.56","Base.57","Base.58","Base.59","Base.60","Base.61","Base.62","Base.63","Base.64","Base.65","Base.66","Base.67","Base.68","Base.69","Base.70","Base.71","Base.72","Base.73","Base.74","Base.75","Base.76","Base.77","Base.78","Base.79","Base.80","Base.81","Base.82","Base.83","Base.84","Base.85","Base.86","Base.87","Base.88","Base.89","Base.90","Base.91","Base.92","Base.93","Base.94","Base.95","Base.96","Base.97","Base.98","Base.99","Base.100","Base.101","Base.102","Base.103","Base.104","Base.105"
1,"t","a","a","t","g","t","t","t","g","t","g","c","t","g","g","t","t","t","t","t","g","t","g","g","c","a","t","c","g","g","g","c","g","a","g","a","a","t","a","g","c","g","c","g","t","g","g","t","g","t","g","a","a","a","g","a","c","t","g","t","t","t","t","t","t","t","g","a","t","c","g","t","t","t","t","c","a","c","a","a","a","a","a","t","g","g","a","a","g","t","c","c","a","c","a","g","t","c","t","t","g","a","c","a","g"
2,"g","a","c","a","a","a","a","a","c","g","c","g","t","a","a","c","a","a","a","a","g","t","g","t","c","t","a","t","a","a","t","c","a","c","g","g","c","a","g","a","a","a","a","g","t","c","c","a","c","a","t","t","g","a","t","t","a","t","t","t","g","c","a","c","g","g","c","g","t","c","a","c","a","c","t","t","t","g","c","t","a","t","g","c","c","a","t","a","g","c","a","t","t","t","t","t","a","t","c","c","a","t","a","a","g"
3,"a","c","a","a","a","t","c","c","c","a","a","t","a","a","c","t","t","a","a","t","t","a","t","t","g","g","g","a","t","t","t","g","t","t","a","t","a","t","a","t","a","a","c","t","t","t","a","t","a","a","a","t","t","c","c","t","a","a","a","a","t","t","a","c","a","c","a","a","a","g","t","t","a","a","t","a","a","c","t","g","t","g","a","g","c","a","t","g","g","t","c","a","t","a","t","t","t","t","t","a","t","c","a","a","t"
4,"c","a","c","a","a","a","g","c","g","a","a","a","g","c","t","a","t","g","c","t","a","a","a","a","c","a","g","t","c","a","g","g","a","t","g","c","t","a","c","a","g","t","a","a","t","a","c","a","t","t","g","a","t","g","t","a","c","t","g","c","a","t","g","t","a","t","g","c","a","a","a","g","g","a","c","g","t","c","a","c","a","t","t","a","c","c","g","t","g","c","a","g","t","a","c","a","g","t","t","g","a","t","a","g","c"
5,"a","c","g","g","t","g","c","t","a","c","a","c","t","t","g","t","a","t","g","t","a","g","c","g","c","a","t","c","t","t","t","c","t","t","t","a","c","g","g","t","c","a","a","t","c","a","g","c","a","t","g","g","t","g","t","t","a","a","a","t","t","g","a","t","c","a","c","g","t","t","t","t","a","g","a","c","c","a","t","t","t","t","t","t","c","g","t","c","g","t","g","a","a","a","c","t","a","a","a","a","a","a","a","c","c"
6,"a","g","t","g","a","a","t","t","a","t","t","t","g","a","a","c","c","a","g","a","t","c","g","c","a","t","t","a","c","a","g","t","g","a","t","g","c","a","a","a","c","t","t","g","t","a","a","g","t","a","g","a","t","t","t","c","c","t","t","a","a","t","t","g","t","g","a","t","g","t","g","t","a","t","c","g","a","a","g","t","g","t","g","t","t","g","c","g","g","a","g","t","a","g","a","t","g","t","t","a","g","a","a","t","a"
7,"g","c","g","c","a","t","a","a","a","a","a","a","c","g","g","c","t","a","a","a","t","t","c","t","t","g","t","g","t","a","a","a","c","g","a","t","t","c","c","a","c","t","a","a","t","t","t","a","t","t","c","c","a","t","g","t","c","a","c","a","c","t","t","t","t","c","g","c","a","t","c","t","t","t","g","t","t","a","t","g","c","t","a","t","g","g","t","t","a","t","t","t","c","a","t","a","c","c","a","t","a","a","g","c","c"
8,"g","c","t","c","c","g","g","c","g","g","g","g","t","t","t","t","t","t","g","t","t","a","t","c","t","g","c","a","a","t","t","c","a","g","t","a","c","a","a","a","a","c","g","t","g","a","t","c","a","a","c","c","c","c","t","c","a","a","t","t","t","t","c","c","c","t","t","t","g","c","t","g","a","a","a","a","a","t","t","t","t","c","c","a","t","t","g","t","c","t","c","c","c","c","t","g","t","a","a","a","g","c","t","g","t"
9,"a","a","c","g","c","a","a","t","t","a","a","t","g","t","g","a","g","t","t","a","g","c","t","c","a","c","t","c","a","t","t","a","g","g","c","a","c","c","c","c","a","g","g","c","t","t","t","a","c","a","c","t","t","t","a","t","g","c","t","t","c","c","g","g","c","t","c","g","t","a","t","g","t","t","g","t","g","t","g","g","a","a","t","t","g","t","g","a","g","c","g","g","a","t","a","a","c","a","a","t","t","t","c","a","c"
10,"a","c","a","t","t","a","c","c","g","c","c","a","a","t","t","c","t","g","t","a","a","c","a","g","a","g","a","t","c","a","c","a","c","a","a","a","g","c","g","a","c","g","g","t","g","g","g","g","c","g","t","a","g","g","g","g","c","a","a","g","g","a","g","g","a","t","g","g","a","a","a","g","a","g","g","t","t","g","c","c","g","t","a","t","a","a","a","g","a","a","a","c","t","a","g","a","g","t","c","c","g","t","t","t","a"
11,"g","g","a","g","g","a","g","g","c","g","g","g","a","g","g","a","t","g","a","g","a","a","c","a","c","g","g","c","t","t","c","t","g","t","g","a","a","c","t","a","a","a","c","c","g","a","g","g","t","c","a","t","g","t","a","a","g","g","a","a","t","t","t","c","g","t","g","a","t","g","t","t","g","c","t","t","g","c","a","a","a","a","a","t","c","g","t","g","g","c","g","a","t","t","t","t","a","t","g","t","g","c","g","c","a"
12,"g","a","t","c","a","g","c","g","t","c","g","t","t","t","t","a","g","g","t","g","a","g","t","t","g","t","t","a","a","t","a","a","a","g","a","t","t","t","g","g","a","a","t","t","g","t","g","a","c","a","c","a","g","t","g","c","a","a","a","t","t","c","a","g","a","c","a","c","a","t","a","a","a","a","a","a","a","c","g","t","c","a","t","c","g","c","t","t","g","c","a","t","t","a","g","a","a","a","g","g","t","t","t","c","t"
13,"g","c","t","g","a","c","a","a","a","a","a","a","g","a","t","t","a","a","a","c","a","t","a","c","c","t","t","a","t","a","c","a","a","g","a","c","t","t","t","t","t","t","t","t","c","a","t","a","t","g","c","c","t","g","a","c","g","g","a","g","t","t","c","a","c","a","c","t","t","g","t","a","a","g","t","t","t","t","c","a","a","c","t","a","c","g","t","t","g","t","a","g","a","c","t","t","t","a","c","a","t","c","g","c","c"
14,"t","t","t","t","t","t","a","a","a","c","a","t","t","a","a","a","a","t","t","c","t","t","a","c","g","t","a","a","t","t","t","a","t","a","a","t","c","t","t","t","a","a","a","a","a","a","a","g","c","a","t","t","t","a","a","t","a","t","t","g","c","t","c","c","c","c","g","a","a","c","g","a","t","t","g","t","g","a","t","t","c","g","a","t","t","c","a","c","a","t","t","t","a","a","a","c","a","a","t","t","t","c","a","g","a"
15,"c","c","c","a","t","g","a","g","a","g","t","g","a","a","a","t","t","g","t","t","g","t","g","a","t","g","t","g","g","t","t","a","a","c","c","c","a","a","t","t","a","g","a","a","t","t","c","g","g","g","a","t","t","g","a","c","a","t","g","t","c","t","t","a","c","c","a","a","a","a","g","g","t","a","g","a","a","c","t","t","a","t","a","c","g","c","c","a","t","c","t","c","a","t","c","c","g","a","t","g","c","a","a","g","c"
16,"c","t","g","g","c","t","t","a","a","c","t","a","t","g","c","g","g","c","a","t","c","a","g","a","g","c","a","g","a","t","t","g","t","a","c","t","g","a","g","a","g","t","g","c","a","c","c","a","t","a","t","g","c","g","g","t","g","t","g","a","a","a","t","a","c","c","g","c","a","c","a","g","a","t","g","c","g","t","a","a","g","g","a","g","a","a","a","a","t","a","c","c","g","c","a","t","c","a","g","g","c","g","c","t","c"
17,"c","t","g","t","g","a","c","g","g","a","a","g","a","t","c","a","c","t","t","c","g","c","a","g","a","a","t","a","a","a","t","a","a","a","t","c","c","t","g","g","t","g","t","c","c","c","t","g","t","t","g","a","t","a","c","c","g","g","g","a","a","g","c","c","c","t","g","g","g","c","c","a","a","c","t","t","t","t","g","g","c","g","a","a","a","a","t","g","a","g","a","c","g","t","t","g","a","t","c","g","g","c","a","c","g"
18,"g","a","t","t","t","t","t","a","t","a","c","t","t","t","a","a","c","t","t","g","t","t","g","a","t","a","t","t","t","a","a","a","g","g","t","a","t","t","t","a","a","t","t","g","t","a","a","t","a","a","c","g","a","t","a","c","t","c","t","g","g","a","a","a","g","t","a","t","t","g","a","a","a","g","t","t","a","a","t","t","t","g","t","g","a","g","t","g","g","t","c","g","c","a","c","a","t","a","t","c","c","t","g","t","t"
